id_aviso,fecha_visita,localidad,barrio_detalle,sup_cubierta,sup_terreno,sup_total,sup_descubierta,estado,disposicion,orientacion,expensas,apto_credito,ok
20158310,2026-10-06,Partido de Campana,Campana,,,203,,A Refac.,,,,False,True
17586334,2026-10-06,Campana,Centro - Campana,142,,228,,Muy Bueno,,,,False,True
18153898,2026-10-06,Campana,Centro - Campana,156,,344,,Bueno,,,,False,True
20457986,2026-10-06,Partido de Campana,Campana,154,,2625,,Excelente,,,,False,True
20474862,2026-10-06,Partido de Campana,Campana,100,,430,,A Refac.,,,,False,True
15397708,2026-10-06,Campana,Centro - Campana,119.75,146.96,,27.21,Muy Bueno,,,,False,True
20307872,2026-10-06,Partido de Campana,Campana,,,,,,,,,False,True
17096649,2026-10-06,Partido de Campana,Campana,340,,442,,Muy Bueno,,,,False,True
17077786,2026-10-06,Partido de Campana,Campana,230,,374,,Excelente,,,,False,True
19724215,2026-10-06,Partido de Campana,Campana,186,,186,100,Muy Bueno,,N,,False,True
20307796,2026-10-06,Partido de Campana,Campana,149,,308,,A Refac.,,,,False,True
19312558,2026-10-06,Partido de Campana,Campana,423,,423,,Excelente,,N,,False,True
16504834,2026-10-06,Partido de Campana,Campana,153,,,64,Excelente,,,500000,False,True
18870417,2026-10-06,Campana,Centro - Campana,249,253,,68,Muy Bueno,,,,False,True
19179346,2026-10-06,Campana,Centro - Campana,158,200,,,Bueno,,,,False,True
19733230,2026-10-06,Partido de Campana,Campana,,,,,,,,,False,True
20419475,2026-10-06,Countries y Barrios Cerrados en Campana,La Reserva Cardales,273,911,,,Excelente,,O,,False,True
20365032,2026-10-06,Countries y Barrios Cerrados en Campana,Monet Barrio Privado,166,1020,,854,Excelente,,,,False,True
20325558,2026-10-06,Countries y Barrios Cerrados en Campana,Cardales Village,211,,700,,Muy Bueno,,,,False,True
20460661,2026-10-06,Countries y Barrios Cerrados en Campana,Monet Barrio Privado,190,,,,,,,,False,True
19801269,2026-10-06,Campana,Centro - Campana,,,,,,,,,False,True
19903611,2026-10-06,Campana,Centro - Campana,85,,95,10,Excelente,,,,True,True
19732747,2026-10-06,Partido de Campana,Campana,,,,,,,,,False,True
20380382,2026-10-06,Partido de Campana,Campana,,,,,Muy Bueno,Frente,,,True,True
18180246,2026-10-06,Campana,Centro - Campana,50,,50,,Excelente,Lateral,,,False,True
