titulo,ciudad,Zona,direccion,tipo,precio,mcub,mtierra,dorm,amb,banos,cochera,antig,estado,disposicion,orientacion,inmobiliaria,link,Mes,Año,foto,fecha_foto,fuente,id_aviso,localidad,barrio,moneda,precio_usd,precio_oculto,usd_m2_cub,sup_total,reservado,id_anunciante,id_localidad,id_barrio,pagina,posicion
Casa en venta a refaccionar en campana,Campana,Ciudad,Candido Cabrera 1200,Casa,70000,,,2,3,1,,,A Refac.,,,CLAUDIA OSTERRIEHT NEGOCIOS INMOBILIARIOS,https://www.argenprop.com/casa-en-venta-en-campana-3-ambientes--20158310,Octubre,2026,2026-10,2026-10-06,Argenprop,20158310,Partido de Campana,Campana,USD,70000,False,,203,False,102359,363,,1,1
Casa en venta - 3 dormitorios,Campana,Ciudad,Brown 100,Casa,175000,142,,3,4,3,1,,Muy Bueno,,,CLAUDIA OSTERRIEHT NEGOCIOS INMOBILIARIOS,https://www.argenprop.com/casa-en-venta-en-centro-campana-4-ambientes--17586334,Octubre,2026,2026-10,2026-10-06,Argenprop,17586334,Campana,Centro,USD,175000,False,1232,228,False,102359,363,526,1,2
Reservada - casa en venta en campana,Campana,Ciudad,Moreno 300,Casa,115000,156,,3,4,1,1,,Bueno,,,CLAUDIA OSTERRIEHT NEGOCIOS INMOBILIARIOS,https://www.argenprop.com/casa-en-venta-en-centro-campana-4-ambientes--18153898,Octubre,2026,2026-10,2026-10-06,Argenprop,18153898,Campana,Centro,USD,115000,True,737,344,True,102359,363,526,1,3
Casa a la venta en barrio santa brigida!,Campana,Ciudad,.,Casa,162000,154,,2,3,2,,2,Excelente,,,ADRIAN SANCHEZ PROPIEDADES SUC,https://www.argenprop.com/casa-en-venta-en-campana-3-ambientes--20457986,Octubre,2026,2026-10,2026-10-06,Argenprop,20457986,Partido de Campana,Campana,USD,162000,False,1052,2625,False,310576,363,,1,4
Casa a reciclar en venta,Campana,Ciudad,Paso 1000,Casa,82000,100,,3,4,2,,70,A Refac.,,,ADRIAN SANCHEZ PROPIEDADES SUC,https://www.argenprop.com/casa-en-venta-en-campana-4-ambientes--20474862,Octubre,2026,2026-10,2026-10-06,Argenprop,20474862,Partido de Campana,Campana,USD,82000,False,820,430,False,310576,363,,1,5
Casa en venta - apta credito hipotecario,Campana,Ciudad,Avenida Ameghino 700,Casa,117000,119.75,146.96,3,,2,1,,Muy Bueno,,,Administracion Inmobiliaria Marina Genta,https://www.argenprop.com/casa-en-venta-en-centro-campana--15397708,Octubre,2026,2026-10,2026-10-06,Argenprop,15397708,Campana,Centro,USD,117000,False,977,,False,283483,363,526,1,6
Casa en barrio dalmine viejo en venta,Campana,Ciudad,Luis Costa 1564,Casa,174000,,,3,3,3,2,,,,,Aitor Demarco Inmuebles,https://www.argenprop.com/casa-en-venta-en-campana-3-ambientes--20307872,Octubre,2026,2026-10,2026-10-06,Argenprop,20307872,Partido de Campana,Campana,USD,174000,False,,,False,243749,363,,1,7
Casa en venta campana,Campana,Ciudad,Av. Balbin 900,Casa,500000,340,,5,6,5,4,,Muy Bueno,,,MaYa Propiedades Magallanes Yanquilevich SRL,https://www.argenprop.com/casa-en-venta-en-campana-6-ambientes--17096649,Octubre,2026,2026-10,2026-10-06,Argenprop,17096649,Partido de Campana,Campana,USD,500000,False,1471,442,False,266439,363,,1,8
Casa en venta campana,Campana,Ciudad,Moreno 300,Casa,290000,230,,3,4,2,3,,Excelente,,,MaYa Propiedades Magallanes Yanquilevich SRL,https://www.argenprop.com/casa-en-venta-en-campana-4-ambientes--17077786,Octubre,2026,2026-10,2026-10-06,Argenprop,17077786,Partido de Campana,Campana,USD,290000,False,1261,374,False,266439,363,,1,9
Excelente propiedad en venta,Campana,Ciudad,Capilla Del Señor 700,Casa,172000,186,,3,4,2,,30,Muy Bueno,,N,Lc Propiedades,https://www.argenprop.com/casa-en-venta-en-campana-4-ambientes--19724215,Octubre,2026,2026-10,2026-10-06,Argenprop,19724215,Partido de Campana,Campana,USD,172000,False,925,186,False,102286,363,,1,10
Casa a refaccionar en venta – oportunidad de inversión,Campana,Ciudad,Jacob 600,Casa,90000,149,,3,4,1,1,,A Refac.,,,CLAUDIA OSTERRIEHT NEGOCIOS INMOBILIARIOS,https://www.argenprop.com/casa-en-venta-en-campana-4-ambientes--20307796,Octubre,2026,2026-10,2026-10-06,Argenprop,20307796,Partido de Campana,Campana,USD,90000,False,604,308,False,102359,363,,1,11
Casa historica en venta estilo ingles - campana,Campana,Ciudad,Berutti 100,Casa,550000,423,,4,5,4,2,,Excelente,,N,MaYa Propiedades Magallanes Yanquilevich SRL,https://www.argenprop.com/casa-en-venta-en-campana-5-ambientes--19312558,Octubre,2026,2026-10,2026-10-06,Argenprop,19312558,Partido de Campana,Campana,USD,550000,False,1300,423,False,266439,363,,1,12
"Casa en venta, en el campo cardales",Campana,Ciudad,Ruta Provincial 4 1000,Casa,230000,153,,3,4,4,3,,Excelente,,,Canle Propiedades,https://www.argenprop.com/casa-en-venta-en-campana-4-ambientes--16504834,Octubre,2026,2026-10,2026-10-06,Argenprop,16504834,Partido de Campana,Campana,USD,230000,False,1503,,False,253668,363,,1,13
"Casa en venta de 5 dormitorios, patio con parrilla. 3 cocheras. centro campana",Campana,Ciudad,Sarmiento al 100,Casa,230000,249,253,5,6,4,,40,Muy Bueno,,,Cadema Bienes Raices,https://www.argenprop.com/casa-en-venta-en-centro-campana-6-ambientes--18870417,Octubre,2026,2026-10,2026-10-06,Argenprop,18870417,Campana,Centro,USD,230000,False,924,,False,102301,363,526,1,14
"Dúplex en venta de 3 dormitorios, patio con parrilla. centro campana",Campana,Ciudad,Bertolini al 100,Casa,125000,158,200,3,4,2,,8,Bueno,,,Cadema Bienes Raices,https://www.argenprop.com/casa-en-venta-en-centro-campana-4-ambientes--19179346,Octubre,2026,2026-10,2026-10-06,Argenprop,19179346,Campana,Centro,USD,125000,False,791,,False,102301,363,526,1,15
Casa en ariel del plata,Campana,Ciudad,Cassaux 1500,Casa,89000,,,,1,,,,,,,Lorenzo Inmobiliaria,https://www.argenprop.com/casa-en-venta-en-campana-1-ambiente--19733230,Octubre,2026,2026-10,2026-10-06,Argenprop,19733230,Partido de Campana,Campana,USD,89000,False,,,False,188751,363,,1,16
Venta casa en la reserva cardales a estrenar 6 ambientes más dependencia.,Campana,Country,CASA EN VENTA EN Barrio La Reserva Cardales - MAROTO PROPIEDADES,Casa,570000,273,911,5,6,4,,0,Excelente,,O,MAROTO PROPIEDADES,https://www.argenprop.com/casa-en-venta-en-la-reserva-cardales-6-ambientes--20419475,Octubre,2026,2026-10,2026-10-06,Argenprop,20419475,Countries y Barrios Cerrados en Campana,La Reserva Cardales,USD,570000,False,2088,,False,165978,50143,11112,1,17
Casa en venta barrio monet - 3 dormitorios - escritorio - piscina,Campana,Country,Barrio Privado Monet - Los Cardales,Casa,249000,166,1020,3,5,2,,6,Excelente,,,LECHMANN PROPIEDADES,https://www.argenprop.com/casa-en-venta-en-monet-barrio-privado-5-ambientes--20365032,Octubre,2026,2026-10,2026-10-06,Argenprop,20365032,Countries y Barrios Cerrados en Campana,Monet Barrio Privado,USD,249000,False,1500,,False,303059,50143,11163,1,18
Casa en venta cardales village,Campana,Country,"Cardales Village, Lote 200",Casa,240000,211,,3,4,3,4,,Muy Bueno,,,MaYa Propiedades Magallanes Yanquilevich SRL,https://www.argenprop.com/casa-en-venta-en-cardales-village-4-ambientes--20325558,Octubre,2026,2026-10,2026-10-06,Argenprop,20325558,Countries y Barrios Cerrados en Campana,Cardales Village,USD,240000,False,1137,700,False,266439,50143,2316,1,19
"Casa en venta 5 ambientes con pileta y 4 dormitorios en barrio monet, los cardales",Campana,Country,Barrio Monet,Casa,300000,190,,4,5,2,,2,,,,Toribio Achaval,https://www.argenprop.com/casa-en-venta-en-monet-barrio-privado-5-ambientes--20460661,Octubre,2026,2026-10,2026-10-06,Argenprop,20460661,Countries y Barrios Cerrados en Campana,Monet Barrio Privado,USD,300000,False,1579,,False,167582,50143,11163,1,20
Nuevo desarrollo en campana- french 728,Campana,Ciudad,FRENCH 700,Departamento,,,,,,,,0,,,,ABADIE PROPIEDADES,https://www.argenprop.com/departamento-en-venta-en-centro-campana--19801269,Octubre,2026,2026-10,2026-10-06,Argenprop,19801269,Campana,Centro,USD,,True,,,False,210614,363,526,1,1
Departamento amplio y céntrico a la venta en campana,Campana,Ciudad,"Intendente Castilla 300, Piso 3°",Departamento,170000,85,,3,4,2,,,Excelente,,,ADRIAN SANCHEZ PROPIEDADES SUC,https://www.argenprop.com/departamento-en-venta-en-centro-campana-4-ambientes--19903611,Octubre,2026,2026-10,2026-10-06,Argenprop,19903611,Campana,Centro,USD,170000,False,2000,95,False,310576,363,526,1,2
Departamento en venta a reciclar,Campana,Ciudad,Av Mitre 1400,Departamento,58000,,,2,3,1,,,,,,Lorenzo Inmobiliaria,https://www.argenprop.com/departamento-en-venta-en-campana-3-ambientes--19732747,Octubre,2026,2026-10,2026-10-06,Argenprop,19732747,Partido de Campana,Campana,USD,58000,False,,,False,188751,363,,1,3
Departamento ph en venta en campana,Campana,Ciudad,Capilla Del Señor 700,Departamento,98000,,,2,3,1,,,Muy Bueno,Frente,,CLAUDIA OSTERRIEHT NEGOCIOS INMOBILIARIOS,https://www.argenprop.com/departamento-en-venta-en-campana-3-ambientes--20380382,Octubre,2026,2026-10,2026-10-06,Argenprop,20380382,Partido de Campana,Campana,USD,98000,False,,,False,102359,363,,1,4
Complejo de dptos. a estrenar -,Campana,Ciudad,9 De Julio 500,Departamento,80000,50,,1,2,2,,0,Excelente,Lateral,,CLAUDIA OSTERRIEHT NEGOCIOS INMOBILIARIOS,https://www.argenprop.com/departamento-en-venta-en-centro-campana-2-ambientes--18180246,Octubre,2026,2026-10,2026-10-06,Argenprop,18180246,Campana,Centro,USD,80000,False,1600,50,False,102359,363,526,1,5
Departamento en venta en complejo casas blancas mediterraneas,Campana,Ciudad,Luis Costa 996,Departamento,93000,63,,2,2,1,1,,,,,Aitor Demarco Inmuebles,https://www.argenprop.com/departamento-en-venta-en-campana-2-ambientes--19810614,Octubre,2026,2026-10,2026-10-06,Argenprop,19810614,,Campana,USD,93000,False,1476,,False,243749,363,,1,6
Departamento semi piso 3 ambientes con balcon en campana,Campana,Ciudad,"Mitre 971, Campana",Departamento,165000,,,,,,,,,,,Aitor Demarco Inmuebles,https://www.argenprop.com/departamento-en-venta-en-campana--19164203,Octubre,2026,2026-10,2026-10-06,Argenprop,19164203,,Campana,USD,165000,False,,,False,243749,363,,1,7
Departamento en venta,Campana,Ciudad,Ameghino 200,Departamento,83000,49,,1,2,1,1,,,,,Vidal Inmobiliaria,https://www.argenprop.com/departamento-en-venta-en-campana-2-ambientes--20103737,Octubre,2026,2026-10,2026-10-06,Argenprop,20103737,,Campana,USD,83000,False,1694,,False,266730,363,,1,8
Departamentos en pozo,Campana,Ciudad,French 700,Departamento,66600,,,,1,,,,,,,Lorenzo Inmobiliaria,https://www.argenprop.com/departamento-en-venta-en-campana-1-ambiente--19732005,Octubre,2026,2026-10,2026-10-06,Argenprop,19732005,,Campana,USD,66600,True,,,False,188751,363,,1,9
Depto a estrenar en venta,Campana,Ciudad,Saavedra 500,Departamento,115000,,,1,3,1,1,,Excelente,,,SILVIA AGUILAR INMOBILIARIA,https://www.argenprop.com/departamento-en-venta-en-centro-campana-3-ambientes--19850149,Octubre,2026,2026-10,2026-10-06,Argenprop,19850149,,Centro,USD,115000,False,,,False,188253,363,526,1,10
Departamento en venta,Campana,Ciudad,Ameghino 200,Departamento,135000,74,,1,2,,1,,Excelente,,,Lorenzo Inmobiliaria,https://www.argenprop.com/departamento-en-venta-en-campana-2-ambientes--19733170,Octubre,2026,2026-10,2026-10-06,Argenprop,19733170,,Campana,USD,135000,False,1824,,False,188751,363,,1,11
Departamento en venta campana,Campana,Ciudad,Balcarce 300,Departamento,35000,46,,1,2,1,,,Muy Bueno,,,MaYa Propiedades Magallanes Yanquilevich SRL,https://www.argenprop.com/departamento-en-venta-en-campana-2-ambientes--19894268,Octubre,2026,2026-10,2026-10-06,Argenprop,19894268,,Campana,USD,35000,False,761,,False,266439,363,,1,12
Departamento en venta campana,Campana,Ciudad,"Castilla 400, Piso 7°",Departamento,105000,70,,2,3,2,1,,,,,MaYa Propiedades Magallanes Yanquilevich SRL,https://www.argenprop.com/departamento-en-venta-en-campana-3-ambientes--17325003,Octubre,2026,2026-10,2026-10-06,Argenprop,17325003,,Campana,USD,105000,False,1500,,False,266439,363,,1,13
Paseo gavazzi. torres premium en campana - unidad 2 dormitorios,Campana,Ciudad,Paseo Gavazzi - Unidad 2 Dormitorios,Departamento,173000,82,,2,3,2,1,,,,,Cadema Bienes Raices,https://www.argenprop.com/departamento-en-venta-en-centro-campana-3-ambientes--12131384,Octubre,2026,2026-10,2026-10-06,Argenprop,12131384,,Centro,USD,173000,False,2110,,False,102301,363,526,1,14
Departamento en venta c/ cochera en campana,Campana,Ciudad,Colón 100,Departamento,185000,70,,1,2,2,,1,,,,Canle Propiedades,https://www.argenprop.com/departamento-en-venta-en-campana-2-ambientes--18942376,Octubre,2026,2026-10,2026-10-06,Argenprop,18942376,,Campana,USD,185000,False,2643,,False,253668,363,,1,15
Departamento en campana - ubicacion estrategica,Campana,Ciudad,San Martin 500,Departamento,100000,60,,1,2,1,4,,,,,MaYa Propiedades Magallanes Yanquilevich SRL,https://www.argenprop.com/departamento-en-venta-en-centro-campana-2-ambientes--16832191,Octubre,2026,2026-10,2026-10-06,Argenprop,16832191,,Centro,USD,100000,False,1667,,False,266439,363,526,1,16
Hermoso departamento de 2 dormitorios,Campana,Ciudad,Paso 600,Departamento,130000,70,,2,3,1,,12,,,,Lc Propiedades,https://www.argenprop.com/departamento-en-venta-en-campana-3-ambientes--20170181,Octubre,2026,2026-10,2026-10-06,Argenprop,20170181,,Campana,USD,130000,False,1857,,False,102286,363,,1,17
A estrenar con cochera 80 m2,Campana,Ciudad,"Pueyrredón 500, Piso 2",Departamento,120000,64,,2,3,2,,0,,,,RICARDO DANIEL WERBA,https://www.argenprop.com/departamento-en-venta-en-centro-campana-3-ambientes--7149539,Octubre,2026,2026-10,2026-10-06,Argenprop,7149539,,Centro,USD,120000,False,1875,,False,170214,363,526,1,18
Jean jaures 918,Campana,Ciudad,"Jean Jaures 900, Piso 1°",Departamento,60000,35,,,1,,,,Muy Bueno,Frente,,CLAUDIA OSTERRIEHT NEGOCIOS INMOBILIARIOS,https://www.argenprop.com/departamento-en-venta-en-campana-1-ambiente--19487031,Octubre,2026,2026-10,2026-10-06,Argenprop,19487031,,Campana,USD,60000,False,1714,,False,102359,363,,1,19
"Departamento en venta , a estrenar.",Campana,Ciudad,Castelli 600,Departamento,118000,56,,1,2,1,1,,,,,Lorenzo Inmobiliaria,https://www.argenprop.com/departamento-en-venta-en-campana-2-ambientes--19733646,Octubre,2026,2026-10,2026-10-06,Argenprop,19733646,,Campana,USD,118000,False,2107,,False,188751,363,,1,20
Casa en altos del casco,Zárate,Ciudad,Altos Del Casco,Casa,198000,240,,3,4,3,4,,,,,LUCILA TAPIA PROPIEDADES,https://www.argenprop.com/casa-en-venta-en-altos-del-casco-4-ambientes--19208090,Octubre,2026,2026-10,2026-10-06,Argenprop,19208090,,Altos Del Casco,USD,198000,False,825,,False,274872,2100,11148,1,1
"Casa en venta, 4 dormitorios, en barrio la florida, zarate",Zárate,Ciudad,Casa en Venta 5 ambientes con pileta Barrio La Florida Zarate G.B.A Norte,Casa,179000,172,,4,5,2,,0,,,,Juan Pablo Sanguinetti - CMCPSI 6449 CUCICBA 6630,https://www.argenprop.com/casa-en-venta-en-la-florida-zarate-5-ambientes--17691914,Octubre,2026,2026-10,2026-10-06,Argenprop,17691914,,La Florida,USD,179000,False,1041,,False,251549,2100,486,1,2
Casa en venta en zárate,Zárate,Country,"El Casco C.c, Lote",Casa,175000,160,,3,4,3,4,,,,,MaYa Propiedades Magallanes Yanquilevich SRL,https://www.argenprop.com/casa-en-venta-en-el-casco-country-4-ambientes--18327640,Octubre,2026,2026-10,2026-10-06,Argenprop,18327640,,El Casco,USD,175000,False,1094,,False,266439,2100,510,1,3
Casa en venta de 6 amb. patio con quincho y parrilla. cochera. en pleno centro zárate,Zárate,Ciudad,Belgrano al 1000,Casa,205000,180,,4,6,2,,40,,,,Cadema Bienes Raices,https://www.argenprop.com/casa-en-venta-en-centro-zarate-6-ambientes--19215123,Octubre,2026,2026-10,2026-10-06,Argenprop,19215123,,Centro,USD,205000,False,1139,,False,102301,2100,517,1,4
Casa en zárate gral. pinto 1356,Zárate,Ciudad,Gral. Pinto 1300,Casa,172000,221,,3,4,2,1,,,,,LUCILA TAPIA PROPIEDADES,https://www.argenprop.com/casa-en-venta-en-zarate-4-ambientes--20576389,Octubre,2026,2026-10,2026-10-06,Argenprop,20576389,,Zárate,USD,172000,False,778,,False,274872,2100,,1,5
"Casa chalet en venta en zárate, g.b.a. zona norte, argentina",Zárate,Ciudad,BARRIO CERRADO SOLARES DEL CARMEN 100,Casa,295000,264,,4,6,4,,17,,,,Gabriela Diaz Inmobiliaria,https://www.argenprop.com/casa-en-venta-en-centro-zarate-6-ambientes--17973799,Octubre,2026,2026-10,2026-10-06,Argenprop,17973799,,Centro,USD,295000,False,1117,,False,295644,2100,517,1,6
"Elegante, confort y ubicación perfecta",Zárate,Ciudad,Excelente propiedad 100,Casa,260000,,,3,5,2,,,,,,Fabiana Peirano Propiedades,https://www.argenprop.com/casa-en-venta-en-centro-zarate-5-ambientes--17983064,Octubre,2026,2026-10,2026-10-06,Argenprop,17983064,,Centro,USD,260000,False,,,False,269243,2100,517,1,7
Casa en venta de 4 dormitorio. patio con parrilla. lavadero. cochera. centro zarate,Zárate,Ciudad,Estrada al 800,Casa,127000,167,,4,7,2,,40,,,,Cadema Bienes Raices,https://www.argenprop.com/casa-en-venta-en-centro-zarate-7-ambientes--20019754,Octubre,2026,2026-10,2026-10-06,Argenprop,20019754,,Centro,USD,127000,False,760,,False,102301,2100,517,1,8
Venta,Zárate,Ciudad,French 600,Casa,195000,165,,3,4,2,1,,,,,Crajevich Inmobiliaria,https://www.argenprop.com/casa-en-venta-en-zarate-4-ambientes--19724409,Octubre,2026,2026-10,2026-10-06,Argenprop,19724409,,Zárate,USD,195000,False,1182,,False,102345,2100,,1,9
En barrio residencial de zárate,Zárate,Ciudad,Chacabuco 200,Casa,250000,270,,3,4,3,,30,,,,Mangiantini Propiedades,https://www.argenprop.com/casa-en-venta-en-zarate-4-ambientes--18560550,Octubre,2026,2026-10,2026-10-06,Argenprop,18560550,,Zárate,USD,250000,True,926,,False,243526,2100,,1,10
"Casa en venta de 5 ambientes. parque con pleta. quincho y parrilla. villa massoni, zárate",Zárate,Ciudad,Guemes al 1300,Casa,115000,165,,2,5,3,,0,,,,Cadema Bienes Raices,https://www.argenprop.com/casa-en-venta-en-zarate-5-ambientes--19082906,Octubre,2026,2026-10,2026-10-06,Argenprop,19082906,,Zárate,USD,115000,False,697,,False,102301,2100,,1,11
Casa en venta barrio cap smithfield,Zárate,Ciudad,Brown 2200,Casa,215000,,,,1,,,,,,,VIDAECHEA PROPIEDADES,https://www.argenprop.com/casa-en-venta-en-smithfield-1-ambiente--19209790,Octubre,2026,2026-10,2026-10-06,Argenprop,19209790,,Smithfield,USD,215000,True,,,False,275802,2100,511,1,12
Casa en estancia smithfield,Zárate,Ciudad,Estancia Smithfield,Casa,295000,275,,4,5,3,,10,,,,LUCILA TAPIA PROPIEDADES,https://www.argenprop.com/casa-en-venta-en-smithfield-5-ambientes--19653046,Octubre,2026,2026-10,2026-10-06,Argenprop,19653046,,Smithfield,USD,295000,False,1073,,False,274872,2100,511,1,13
Venta,Zárate,Ciudad,Maipu 900,Casa,99000,,,2,3,1,,,,,,Crajevich Inmobiliaria,https://www.argenprop.com/casa-en-venta-en-zarate-3-ambientes--19724195,Octubre,2026,2026-10,2026-10-06,Argenprop,19724195,,Zárate,USD,99000,False,,,False,102345,2100,,1,14
Venta,Zárate,Ciudad,General Paz 900,Casa,105000,170,,2,3,1,,,,,,Crajevich Inmobiliaria,https://www.argenprop.com/casa-en-venta-en-zarate-3-ambientes--20372064,Octubre,2026,2026-10,2026-10-06,Argenprop,20372064,,Zárate,USD,105000,False,618,,False,102345,2100,,1,15
Venta,Zárate,Ciudad,French 600,Casa,170000,,,2,3,2,,,,,,Crajevich Inmobiliaria,https://www.argenprop.com/casa-en-venta-en-zarate-3-ambientes--19723996,Octubre,2026,2026-10,2026-10-06,Argenprop,19723996,,Zárate,USD,170000,False,,,False,102345,2100,,1,16
Casa centrica de estilo,Zárate,Ciudad,Alem 600,Casa,160000,220,,3,4,2,1,,,,,Crajevich Inmobiliaria,https://www.argenprop.com/casa-en-venta-en-zarate-4-ambientes--19724049,Octubre,2026,2026-10,2026-10-06,Argenprop,19724049,,Zárate,USD,160000,False,727,,False,102345,2100,,1,17
Venta,Zárate,Ciudad,Alem 400,Casa,65000,,,1,2,2,1,,,,,Crajevich Inmobiliaria,https://www.argenprop.com/casa-en-venta-en-zarate-2-ambientes--19724182,Octubre,2026,2026-10,2026-10-06,Argenprop,19724182,,Zárate,USD,65000,False,,,False,102345,2100,,1,18
Venta,Zárate,Ciudad,Alem 400,Casa,80000,,,2,3,2,,,,,,Crajevich Inmobiliaria,https://www.argenprop.com/casa-en-venta-en-zarate-3-ambientes--20527637,Octubre,2026,2026-10,2026-10-06,Argenprop,20527637,,Zárate,USD,80000,False,,,False,102345,2100,,1,19
Casa a reciclar - oportunidad,Zárate,Ciudad,Arribeños 1900,Casa,54000,,,1,2,1,,,A Refac.,,,VIDAECHEA PROPIEDADES,https://www.argenprop.com/casa-en-venta-en-zarate-2-ambientes--11610288,Octubre,2026,2026-10,2026-10-06,Argenprop,11610288,,Zárate,USD,54000,False,,,False,275802,2100,,1,20
Departamento en venta en centro - zárate,Zárate,Ciudad,Calle castelli 700,Departamento,92000,55,,1,3,1,,0,,,,Mariano O,https://www.argenprop.com/departamento-en-venta-en-centro-zarate-3-ambientes--20357375,Octubre,2026,2026-10,2026-10-06,Argenprop,20357375,,Centro,USD,92000,False,1673,,False,295325,2100,517,1,1
Venta,Zárate,Ciudad,"Pinto 700, Piso 1°",Departamento,150000,,,2,3,1,1,,,,,Crajevich Inmobiliaria,https://www.argenprop.com/departamento-en-venta-en-zarate-3-ambientes--19724380,Octubre,2026,2026-10,2026-10-06,Argenprop,19724380,,Zárate,USD,150000,False,,,False,102345,2100,,1,2
Depto 3 amb semipiso en pleno centro de zárate!,Zárate,Ciudad,Alem 300,Departamento,93000,62,,2,3,2,,,Muy Bueno,,,Madoz Soluciones Inmobiliarias,https://www.argenprop.com/departamento-en-venta-en-zarate-3-ambientes--20015501,Octubre,2026,2026-10,2026-10-06,Argenprop,20015501,,Zárate,USD,93000,False,1500,,False,275648,2100,,1,3
Venta,Zárate,Ciudad,R Noya 800,Departamento,79500,67,,2,3,1,,,Muy Bueno,,,Crajevich Inmobiliaria,https://www.argenprop.com/departamento-en-venta-en-zarate-3-ambientes--19724356,Octubre,2026,2026-10,2026-10-06,Argenprop,19724356,,Zárate,USD,79500,False,1187,,False,102345,2100,,1,4
Venta,Zárate,Ciudad,"Ituzaingo 200, Piso 6°",Departamento,165000,75,,2,3,2,,,,,,Crajevich Inmobiliaria,https://www.argenprop.com/departamento-en-venta-en-zarate-3-ambientes--19724318,Octubre,2026,2026-10,2026-10-06,Argenprop,19724318,,Zárate,USD,165000,False,2200,,False,102345,2100,,1,5
Edificio horizonte,Zárate,Ciudad,"19 De Marzo 800, Piso 5°",Departamento,44000,,,,1,1,1,4,Excelente,,,Crajevich Inmobiliaria,https://www.argenprop.com/departamento-en-venta-en-zarate-1-ambiente--20538002,Octubre,2026,2026-10,2026-10-06,Argenprop,20538002,,Zárate,USD,44000,False,,,False,102345,2100,,1,6
Venta,Zárate,Ciudad,"Castelli 700, Piso 1°",Departamento,57000,35,,,1,1,,,Excelente,,,Crajevich Inmobiliaria,https://www.argenprop.com/departamento-en-venta-en-zarate-1-ambiente--19724421,Octubre,2026,2026-10,2026-10-06,Argenprop,19724421,,Zárate,USD,57000,False,1629,,False,102345,2100,,1,7
Dpto centrico en venta,Zárate,Ciudad,DPTO EN ZARATE EN VENTA,Departamento,89000,,,3,5,1,,15,,,,SUSANA GONZALEZ NEGOCIOS INMOBILIARIOS,https://www.argenprop.com/departamento-en-venta-en-centro-zarate-5-ambientes--20100496,Octubre,2026,2026-10,2026-10-06,Argenprop,20100496,,Centro,USD,89000,False,,,False,209203,2100,517,1,8
Venta,Zárate,Ciudad,9 De Julio 100,Departamento,84000,42,,,1,1,,,,,,Crajevich Inmobiliaria,https://www.argenprop.com/departamento-en-venta-en-zarate-1-ambiente--20392341,Octubre,2026,2026-10,2026-10-06,Argenprop,20392341,,Zárate,USD,84000,False,2000,,False,102345,2100,,1,9
"Venta depto monoambiente en ituzaingo 665, zárate",Zárate,Ciudad,ITUZAINGO 600,Departamento,65000,28,,,1,1,,,,,,Chambouleyron Gestion Inmobiliaria,https://www.argenprop.com/departamento-en-venta-en-zarate-1-ambiente--17138869,Octubre,2026,2026-10,2026-10-06,Argenprop,17138869,,Zárate,USD,65000,False,2321,,False,244772,2100,,1,10
"Venta al pozo. depto 2 ambientes. san martin 368, zárate.",Zárate,Ciudad,SAN MARTIN 300,Departamento,88800,46,,1,2,1,,0,,,,Chambouleyron Gestion Inmobiliaria,https://www.argenprop.com/departamento-en-venta-en-zarate-2-ambientes--17711418,Octubre,2026,2026-10,2026-10-06,Argenprop,17711418,,Zárate,USD,88800,False,1930,,False,244772,2100,,1,11
Depto en venta en rómulo noya 677,Zárate,Ciudad,Rómulo Noya 600,Departamento,238000,115,,4,5,2,2,,,,,Chambouleyron Gestion Inmobiliaria,https://www.argenprop.com/departamento-en-venta-en-zarate-5-ambientes--20186791,Octubre,2026,2026-10,2026-10-06,Argenprop,20186791,,Zárate,USD,238000,False,2070,,False,244772,2100,,1,12
"Departamento dúplex en venta en zarate centro, zárate, g.b.a. zona norte",Zárate,Ciudad,Avenida Rivadavia 1400,Departamento,57000,60,,1,2,1,,10,,,,Curzio Propiedades,https://www.argenprop.com/departamento-en-venta-en-zarate-2-ambientes--18931737,Octubre,2026,2026-10,2026-10-06,Argenprop,18931737,,Zárate,USD,57000,False,950,,False,272738,2100,,1,13
Venta,Zárate,Ciudad,"Ituzaingo 200, Piso 3°",Departamento,140000,65,,2,3,1,1,,,,,Crajevich Inmobiliaria,https://www.argenprop.com/departamento-en-venta-en-zarate-3-ambientes--19723934,Octubre,2026,2026-10,2026-10-06,Argenprop,19723934,,Zárate,USD,140000,False,2154,,False,102345,2100,,1,14
"Departamento edificio cadu, zárate. 2 dormitorios. muy buen estado.",Zárate,Ciudad,"Rómulo Noya 800, Piso 12",Departamento,79000,61,,2,3,1,,,Muy Bueno,,,ARIEL CUEVAS INMOBILIARIA,https://www.argenprop.com/departamento-en-venta-en-centro-zarate-3-ambientes--14544302,Octubre,2026,2026-10,2026-10-06,Argenprop,14544302,,Centro,USD,79000,False,1295,,False,288062,2100,517,1,15
"Venta semipiso con cochera, belgrano 207, zárate",Zárate,Ciudad,BELGRANO 200,Departamento,284000,112,,3,4,2,1,,,,,Chambouleyron Gestion Inmobiliaria,https://www.argenprop.com/departamento-en-venta-en-zarate-4-ambientes--19071449,Octubre,2026,2026-10,2026-10-06,Argenprop,19071449,,Zárate,USD,284000,False,2536,,False,244772,2100,,1,16
Venta depto 2 amb. andrade 431,Zárate,Ciudad,ANDRADE 431,Departamento,60000,38,,1,2,1,,,,,,Chambouleyron Gestion Inmobiliaria,https://www.argenprop.com/departamento-en-venta-en-zarate-2-ambientes--20457428,Octubre,2026,2026-10,2026-10-06,Argenprop,20457428,,Zárate,USD,60000,False,1579,,False,244772,2100,,1,17
"Departamento monoambiente en venta en zárate, g.b.a. zona norte, argentina",Zárate,Ciudad,Complejo Zárate Chico - calle Costanera Luis Rocha 1800,Departamento,62000,,,,1,,,0,Excelente,Lateral,,Curzio Propiedades,https://www.argenprop.com/departamento-en-venta-en-centro-zarate-1-ambiente--18684359,Octubre,2026,2026-10,2026-10-06,Argenprop,18684359,,Centro,USD,62000,False,,,False,272738,2100,517,1,18
Departamento monoambiente en el centro de zárate!,Zárate,Ciudad,Ameghino 1100,Departamento,54000,34,,,1,1,,15,Muy Bueno,,,Madoz Soluciones Inmobiliarias,https://www.argenprop.com/departamento-en-venta-en-zarate-1-ambiente--19932638,Octubre,2026,2026-10,2026-10-06,Argenprop,19932638,,Zárate,USD,54000,False,1588,,False,275648,2100,,1,19
"Venta depto 3 amb. con cochera, balcón y patio - ituzaingó 665, zárate",Zárate,Ciudad,Ituzaingó 600,Departamento,165000,65,,2,3,1,1,,,,,Chambouleyron Gestion Inmobiliaria,https://www.argenprop.com/departamento-en-venta-en-centro-zarate-3-ambientes--19907285,Octubre,2026,2026-10,2026-10-06,Argenprop,19907285,,Centro,USD,165000,False,2538,,False,244772,2100,517,1,20
Hermoso chalet 4 ambientes en 2 plantas. amplio lote parquizado con piscina,Exaltación de la Cruz,Ciudad,El sombrerito 800,Casa,240000,227,,3,4,2,,40,,,,MARINACCI PROPIEDADES,https://www.argenprop.com/casa-en-venta-en-el-remanso-4-ambientes--20592244,Octubre,2026,2026-10,2026-10-06,Argenprop,20592244,,El Remanso,USD,240000,False,1057,,False,151907,50146,2345,1,1
Venta - casa - barrio el solar de capilla - exaltación de la cruz,Exaltación de la Cruz,Ciudad,Barrio El Solar de Capilla - Exaltación de la Cruz,Casa,225000,200,,3,5,2,,40,,,,Celeste Carrillo Propiedades,https://www.argenprop.com/casa-en-venta-en-el-solar-de-la-capilla-5-ambientes--16952568,Octubre,2026,2026-10,2026-10-06,Argenprop,16952568,,El Solar De La Capilla,USD,225000,False,1125,,False,249938,50146,2346,1,2
Casa en venta 7 ambientes - haras el malacate (exaltación de la cruz) - 633m2 cubiertos,Exaltación de la Cruz,Ciudad,"Haras EL Malacate, Exaltación de la Cruz",Casa,420000,513,,6,7,5,,15,,,,HOUGHTON PROPIEDADES,https://www.argenprop.com/casa-en-venta-en-el-malacate-7-ambientes--17990240,Octubre,2026,2026-10,2026-10-06,Argenprop,17990240,,El Malacate,USD,420000,False,819,,False,243450,50146,2344,1,3
Casa en venta en el remanso,Exaltación de la Cruz,Ciudad,SEÑORIAL -COMODA -IMPECABLE / CIELITO DE LA PATRIA 200,Casa,198,,,4,5,3,2,,Excelente,,,EL REMANSO PROPIEDADES,https://www.argenprop.com/casa-en-venta-en-el-remanso-5-ambientes--18394415,Octubre,2026,2026-10,2026-10-06,Argenprop,18394415,,El Remanso,USD,198,False,,,False,175138,50146,2345,1,4
"Exclusiva casa premium, acepta permuta por departamento en caba de similar o menor valor",Exaltación de la Cruz,Ciudad,Indio Cua Country Club ruta 6 100,Casa,239000,240,,4,6,3,,20,,,,PARADA PROPIEDADES,https://www.argenprop.com/casa-en-venta-en-indio-cua-golf-club-6-ambientes--16092669,Octubre,2026,2026-10,2026-10-06,Argenprop,16092669,,Indio Cua Golf Club,USD,239000,False,996,,False,165980,50146,2348,1,5
Casa en venta - 5 dormitorios 5 baños - exaltación de la cruz,Exaltación de la Cruz,Ciudad,Solar De Capilla,Casa,230000,222,,5,7,5,,15,,,,YACOUB REAL ESTATE,https://www.argenprop.com/casa-en-venta-en-el-solar-de-la-capilla-7-ambientes--18805859,Octubre,2026,2026-10,2026-10-06,Argenprop,18805859,,El Solar De La Capilla,USD,230000,False,1036,,False,185660,50146,2346,1,6
"Venta chalet con vista al golf , galeria soñada y parrilla",Exaltación de la Cruz,Ciudad,Country Indio Cua Golf Club Ruta 6 Km 100,Casa,125000,110,,3,4,2,,25,,,,PARADA PROPIEDADES,https://www.argenprop.com/casa-en-venta-en-indio-cua-golf-club-4-ambientes--19778346,Octubre,2026,2026-10,2026-10-06,Argenprop,19778346,,Indio Cua Golf Club,USD,125000,False,1136,,False,165980,50146,2348,1,7
Hermosa casa con pileta en indio cua country club,Exaltación de la Cruz,Ciudad,Indio Cua Country Club,Casa,189000,145,,3,4,2,,20,,,,PARADA PROPIEDADES,https://www.argenprop.com/casa-en-venta-en-indio-cua-golf-club-4-ambientes--16205833,Octubre,2026,2026-10,2026-10-06,Argenprop,16205833,,Indio Cua Golf Club,USD,189000,False,1303,,False,165980,50146,2348,1,8
"Casa premiun, impecable y reciclada con etalles de categoria y vista al golf",Exaltación de la Cruz,Ciudad,RP6 Km 173,Casa,125000,160,,2,4,1,,15,,,,PARADA PROPIEDADES,https://www.argenprop.com/casa-en-venta-en-indio-cua-golf-club-4-ambientes--19964603,Octubre,2026,2026-10,2026-10-06,Argenprop,19964603,,Indio Cua Golf Club,USD,125000,False,781,,False,165980,50146,2348,1,9
Hermoso chalet estilo clasico frente al golf en indio cua country club,Exaltación de la Cruz,Ciudad,Indio Cua Country Golf Club,Casa,135000,125,,3,5,2,,20,,,,PARADA PROPIEDADES,https://www.argenprop.com/casa-en-venta-en-indio-cua-golf-club-5-ambientes--16518134,Octubre,2026,2026-10,2026-10-06,Argenprop,16518134,,Indio Cua Golf Club,USD,135000,False,1080,,False,165980,50146,2348,1,10
"Casa chalet en venta en el remanso, exaltación de la cruz, g.b.a. zona norte",Exaltación de la Cruz,Ciudad,EL REMANSO-RUTA 8 KM 73- 100,Casa,198000,187,,4,5,3,,20,,,,MARTHA BOURRE PROPIEDADES,https://www.argenprop.com/casa-en-venta-en-el-remanso-5-ambientes--20227696,Octubre,2026,2026-10,2026-10-06,Argenprop,20227696,,El Remanso,USD,198000,False,1059,,False,130030,50146,2345,1,11
"Casa en venta apta crédito, solar de capilla, 5 ambientes, pileta 77",Exaltación de la Cruz,Ciudad,"NOE.Casa en venta APTA CRÉDITO, Solar de Capilla, 5 ambientes, pileta",Casa,210000,177,,4,5,3,,15,,,,SERRANO PROPIEDADES,https://www.argenprop.com/casa-en-venta-en-el-solar-de-la-capilla-5-ambientes--20385926,Octubre,2026,2026-10,2026-10-06,Argenprop,20385926,,El Solar De La Capilla,USD,210000,False,1186,,False,260591,50146,2346,1,12
"Casa en venta en el remanso, exaltación de la cruz, g.b.a. zona norte",Exaltación de la Cruz,Ciudad,EL REMANSO-RUTA 8 KM 73-,Casa,230000,260,,4,5,4,,20,,,,MARTHA BOURRE PROPIEDADES,https://www.argenprop.com/casa-en-venta-en-el-remanso-5-ambientes--20447129,Octubre,2026,2026-10,2026-10-06,Argenprop,20447129,,El Remanso,USD,230000,False,885,,False,130030,50146,2345,1,13
Oportunidad. casa en venta el remanso 1600 m² gran parque. 2 ambientes.,Exaltación de la Cruz,Ciudad,La Mañanita,Casa,83000,56,,1,2,1,,48,,,,Gasparino Propiedades,https://www.argenprop.com/casa-en-venta-en-el-remanso-2-ambientes--20603689,Octubre,2026,2026-10,2026-10-06,Argenprop,20603689,,El Remanso,USD,83000,False,1482,,False,309933,50146,2345,1,14
Bellisimo chalet totalmente reciclado zona vista al golf detalles de categoria,Exaltación de la Cruz,Ciudad,VENTA INDIO CUA GOLF RUTA 6 100,Casa,189000,120,,2,3,2,,3,,,,PARADA PROPIEDADES,https://www.argenprop.com/casa-en-venta-en-indio-cua-golf-club-3-ambientes--11913194,Octubre,2026,2026-10,2026-10-06,Argenprop,11913194,,Indio Cua Golf Club,USD,189000,False,1575,,False,165980,50146,2348,1,15
Bellisima casa en venta en indio cua country club,Exaltación de la Cruz,Ciudad,Indio Cua Country Club ruta 6 100,Casa,179000,180,,4,5,3,,15,,,,PARADA PROPIEDADES,https://www.argenprop.com/casa-en-venta-en-indio-cua-golf-club-5-ambientes--17444387,Octubre,2026,2026-10,2026-10-06,Argenprop,17444387,,Indio Cua Golf Club,USD,179000,False,994,,False,165980,50146,2348,1,16
"Casa quinta en venta en barrio parque sakura, exaltación de la cruz, g.b.a. zona norte",Exaltación de la Cruz,Ciudad,CASA CON PILETA EN INDIO CUA COUNTRY CLUB - 300,Casa,129000,75,,3,4,2,,0,,,,SILVINA PICARELLI INMOBILIARIA,https://www.argenprop.com/casa-en-venta-en-indio-cua-golf-club-4-ambientes--20002684,Octubre,2026,2026-10,2026-10-06,Argenprop,20002684,,Indio Cua Golf Club,USD,129000,False,1720,,False,302710,50146,2348,1,17
"Casa en venta en el remanso , exaltación de la cruz",Exaltación de la Cruz,Ciudad,El Remanso,Casa,198000,120,,4,5,2,,0,,,,Fernanda Molina Propiedades,https://www.argenprop.com/casa-en-venta-en-el-remanso-5-ambientes--17715485,Octubre,2026,2026-10,2026-10-06,Argenprop,17715485,,El Remanso,USD,198000,False,1650,,False,262061,50146,2345,1,18
Increible casa en barrio parque exaltación. 1500mt de parque. 3 dormitorios. galeria. doble pis...,Exaltación de la Cruz,Ciudad,Arroyo Giles 400,Casa,115000,105,,3,4,1,,45,,,,Gasparino Propiedades,https://www.argenprop.com/casa-en-venta-en-parque-exaltacion-4-ambientes--20576367,Octubre,2026,2026-10,2026-10-06,Argenprop,20576367,,Parque Exaltación,USD,115000,False,1095,,False,309933,50146,2352,1,19
Casa chacra en venta en el solar de capilla con pileta y jardín,Exaltación de la Cruz,Ciudad,Las Charatas | El Solar de Capilla,Casa,245000,269,,3,4,3,,0,,,,MARTIN PROPIEDADES,https://www.argenprop.com/casa-en-venta-en-el-solar-de-la-capilla-4-ambientes--20019856,Octubre,2026,2026-10,2026-10-06,Argenprop,20019856,,El Solar De La Capilla,USD,245000,False,911,,False,101120,50146,2346,1,20
Departamentos | sauces cardales,Exaltación de la Cruz,Ciudad,Sauces Cardales,Departamento,69000,39,,1,2,1,,0,,,,ISM inmuebles,https://www.argenprop.com/departamento-en-venta-en-los-cardales-2-ambientes--20385387,Octubre,2026,2026-10,2026-10-06,Argenprop,20385387,,Los Cardales,USD,69000,False,1769,,False,154718,717,,1,1
"Departamento de 2 ambientes con patio, terraza y espacio guardacoche",Exaltación de la Cruz,Ciudad,Sauces Cardales - Corrientes 200,Departamento,82000,53,,,2,,,3,,,,BREILL Desarrollos Inmobiliarios,https://www.argenprop.com/departamento-en-venta-en-los-cardales-2-ambientes--20449134,Octubre,2026,2026-10,2026-10-06,Argenprop,20449134,,Los Cardales,USD,82000,False,1547,,False,284866,717,,1,2
Departamento en los cardales,Exaltación de la Cruz,Ciudad,CABRAL 648 - LOS CARDALES - 30% Y HASTA 84 CUOTAS,Departamento,111142,61,,2,3,1,,0,,,,SANTIAGO BERISSO ASESORES INMOBILIARIOS,https://www.argenprop.com/departamento-en-venta-en-los-cardales-3-ambientes--16544703,Octubre,2026,2026-10,2026-10-06,Argenprop,16544703,,Los Cardales,USD,111142,False,1822,,False,155496,717,,1,3
Departamento en los cardales,Exaltación de la Cruz,Ciudad,LOS CARDALES - CENTRO,Departamento,87000,68,,2,3,1,,4,,,,SANTIAGO BERISSO ASESORES INMOBILIARIOS,https://www.argenprop.com/departamento-en-venta-en-los-cardales-3-ambientes--19640408,Octubre,2026,2026-10,2026-10-06,Argenprop,19640408,,Los Cardales,USD,87000,False,1279,,False,155496,717,,1,4
"Departamento en venta con cochera | r. favaloro n°56 (uf n°3, planta baja) | cardales. apto credito",Exaltación de la Cruz,Ciudad,"Departamento en venta con cochera | René Favaloro N°56 (UF N°3, Planta Baja) | Los Cardales. APTO CREDITO",Departamento,70000,40,,1,2,1,,0,,,,MICUCCIO PROPIEDADES,https://www.argenprop.com/departamento-en-venta-en-los-cardales-2-ambientes--19909291,Octubre,2026,2026-10,2026-10-06,Argenprop,19909291,,Los Cardales,USD,70000,False,1750,,False,191306,717,,1,5
Departamento 2 ambientes con terraza,Exaltación de la Cruz,Ciudad,Sauces Cardales - Corrientes 200,Departamento,62500,36,,1,2,1,,0,,,,BREILL Desarrollos Inmobiliarios,https://www.argenprop.com/departamento-en-venta-en-los-cardales-2-ambientes--20449330,Octubre,2026,2026-10,2026-10-06,Argenprop,20449330,,Los Cardales,USD,62500,False,1736,,False,284866,717,,1,6
"Departamento en venta, rené favaloro n°56 (n°3, planta alta), cardales. oportunidad. financiacion",Exaltación de la Cruz,Ciudad,"Departamento en venta, René Favaloro N°56 (N°3, Planta Alta), Los Cardales. OPORTUNIDAD. FINANCIACION",Departamento,43000,38,,1,2,1,,0,,,,MICUCCIO PROPIEDADES,https://www.argenprop.com/departamento-en-venta-en-los-cardales-2-ambientes--16947644,Octubre,2026,2026-10,2026-10-06,Argenprop,16947644,,Los Cardales,USD,43000,False,1132,,False,191306,717,,1,7
Departamento en los cardales compejo aquearela,Exaltación de la Cruz,Ciudad,VIAMONTE al 200,Departamento,74000,54,,1,2,1,,10,,,,SANTIAGO BERISSO ASESORES INMOBILIARIOS,https://www.argenprop.com/departamento-en-venta-en-los-cardales-2-ambientes--18106616,Octubre,2026,2026-10,2026-10-06,Argenprop,18106616,,Los Cardales,USD,74000,False,1370,,False,155496,717,,1,8
Departamento en los cardales,Exaltación de la Cruz,Ciudad,COMPLEJO CABRAL 648 - LOS CARDALES,Departamento,107100,72,,2,3,1,,0,,,,SANTIAGO BERISSO ASESORES INMOBILIARIOS,https://www.argenprop.com/departamento-en-venta-en-los-cardales-3-ambientes--16545183,Octubre,2026,2026-10,2026-10-06,Argenprop,16545183,,Los Cardales,USD,107100,False,1488,,False,155496,717,,1,9
Departamento en los cardales,Exaltación de la Cruz,Ciudad,CABRAL al 600,Departamento,89748,60,,1,2,1,,0,,,,SANTIAGO BERISSO ASESORES INMOBILIARIOS,https://www.argenprop.com/departamento-en-venta-en-los-cardales-2-ambientes--16545534,Octubre,2026,2026-10,2026-10-06,Argenprop,16545534,,Los Cardales,USD,89748,False,1496,,False,155496,717,,1,10
Departamento en los cardales,Exaltación de la Cruz,Ciudad,DEPARTAMENTO EN LOS CARDALES A ESTRENAR 1100,Departamento,35000,68,,2,2,1,,0,,,,DIEGO BERISSO SERVICIOS INMOBILIARIOS,https://www.argenprop.com/departamento-en-venta-en-los-cardales-2-ambientes--16130775,Octubre,2026,2026-10,2026-10-06,Argenprop,16130775,,Los Cardales,USD,35000,False,515,,False,272421,717,,1,11
"Departamento en venta apto credito, centro los cardales",Exaltación de la Cruz,Ciudad,25 De Mayo 500,Departamento,70000,67,,1,2,1,,12,,,,ADRIAN SANCHEZ PROPIEDADES,https://www.argenprop.com/departamento-en-venta-en-los-cardales-2-ambientes--19222392,Octubre,2026,2026-10,2026-10-06,Argenprop,19222392,,Los Cardales,USD,70000,False,1045,,False,150467,717,,1,12
Departamento en los cardales,Exaltación de la Cruz,Ciudad,CABRAL 648 - LOS CARDALES - ANTICIPO Y CUOTAS,Departamento,108816,71,,1,2,1,,0,,,,SANTIAGO BERISSO ASESORES INMOBILIARIOS,https://www.argenprop.com/departamento-en-venta-en-los-cardales-2-ambientes--16544564,Octubre,2026,2026-10,2026-10-06,Argenprop,16544564,,Los Cardales,USD,108816,False,1533,,False,155496,717,,1,13
Departamento en los cardales,Exaltación de la Cruz,Ciudad,CABRAL al 600,Departamento,120120,73,,2,3,1,,0,,,,SANTIAGO BERISSO ASESORES INMOBILIARIOS,https://www.argenprop.com/departamento-en-venta-en-los-cardales-3-ambientes--16545181,Octubre,2026,2026-10,2026-10-06,Argenprop,16545181,,Los Cardales,USD,120120,False,1645,,False,155496,717,,1,14
Departamento en los cardales,Exaltación de la Cruz,Ciudad,COMPLEJO CABRAL 648 - LOS CARDALES - 84 CUOTAS + ANTICIPO,Departamento,117878,77,,2,3,1,,0,,,,SANTIAGO BERISSO ASESORES INMOBILIARIOS,https://www.argenprop.com/departamento-en-venta-en-los-cardales-3-ambientes--16544682,Octubre,2026,2026-10,2026-10-06,Argenprop,16544682,,Los Cardales,USD,117878,False,1531,,False,155496,717,,1,15
Oportunidad: departamento en venta en los cardales,Exaltación de la Cruz,Ciudad,Echeverria 300,Departamento,52000,,,2,4,1,,15,Bueno,,,ADRIAN SANCHEZ PROPIEDADES,https://www.argenprop.com/departamento-en-venta-en-los-cardales-4-ambientes--18508362,Octubre,2026,2026-10,2026-10-06,Argenprop,18508362,,Los Cardales,USD,52000,False,,,False,150467,717,,1,16
"Calle echeverria 336, los cardales, exaltacion de la cruz",Exaltación de la Cruz,Ciudad,"DUPLEX RETASADO, se escucha oferta - LOS CARDALES",Departamento,52000,45.22,,1,3,1,,,Muy Bueno,,,ALMEIDA INMOBILIARIA,https://www.argenprop.com/departamento-en-venta-en-los-cardales-3-ambientes--19258632,Octubre,2026,2026-10,2026-10-06,Argenprop,19258632,,Los Cardales,USD,52000,False,1150,,False,151039,717,,1,17
"Calle sargento cabral, los cardales, exaltacion de la cruz",Exaltación de la Cruz,Ciudad,"DEPARTAMENTO EN VENTA, LOS CARDALES",Departamento,85784,48.56,,1,2,1,1,,,,,ALMEIDA INMOBILIARIA,https://www.argenprop.com/departamento-en-venta-en-los-cardales-2-ambientes--16877604,Octubre,2026,2026-10,2026-10-06,Argenprop,16877604,,Los Cardales,USD,85784,False,1767,,False,151039,717,,1,18
"Departamento en venta, rené favaloro n°56 (n°1, planta alta), cardales. oportunidad. financiacion.",Exaltación de la Cruz,Ciudad,"Departamento en venta, René Favaloro N°56 (N°1, Planta Alta), Los Cardales. OPORTUNIDAD. FINANCIACION",Departamento,43000,38,,1,2,1,,0,,,,MICUCCIO PROPIEDADES,https://www.argenprop.com/departamento-en-venta-en-los-cardales-2-ambientes--20601425,Octubre,2026,2026-10,2026-10-06,Argenprop,20601425,,Los Cardales,USD,43000,False,1132,,False,191306,717,,1,19
Departamento en los cardales - 2 ambientes con cochera y jardin,Exaltación de la Cruz,Ciudad,DEPARTAMENTO EN LOS CARDALES 100,Departamento,62000,45.7,,1,2,1,,8,,,,DIEGO BERISSO SERVICIOS INMOBILIARIOS,https://www.argenprop.com/departamento-en-venta-en-los-cardales-2-ambientes--18575760,Octubre,2026,2026-10,2026-10-06,Argenprop,18575760,,Los Cardales,USD,62000,False,1357,,False,272421,717,,1,20
